fogastipus,eredeti_valtozatok,egyseges_nev,ok
Leves,Zöldség leves | Zöldségleves,Zöldségleves,írásmód/szóköz/ékezet variáns
Leves,Tojás leves | Tojásleves,Tojásleves,írásmód/szóköz/ékezet variáns
Leves,Alma leves | Almaleves,Almaleves,írásmód/szóköz/ékezet variáns
Leves,Gomba leves | Gombaleves,Gombaleves,írásmód/szóköz/ékezet variáns
Leves,Paradicsom leves | Paradicsomleves,Paradicsomleves,írásmód/szóköz/ékezet variáns
Leves,Zeller krém leves | Zellerkrém leves | Zellerkrémleves,Zellerkrémleves,írásmód/szóköz/ékezet variáns
Leves,Kertész leves | Kertészleves,Kertészleves,írásmód/szóköz/ékezet variáns
Leves,Csirkeragu leves | Csirkeraguleves,Csirkeragu leves,írásmód/szóköz/ékezet variáns
Leves,Brokkolikrém leves | Brokkolikrémleves,Brokkolikrémleves,írásmód/szóköz/ékezet variáns
Leves,Gulyás leves | Gulyásleves,Gulyásleves,írásmód/szóköz/ékezet variáns
Leves,Karfiol leves | Karfiolleves,Karfiolleves,írásmód/szóköz/ékezet variáns
Leves,Lencse gulyás | Lencsegulyás,Lencsegulyás,írásmód/szóköz/ékezet variáns
Leves,Fokhagymakrém leves | Fokhagymakrémleves,Fokhagymakrémleves,írásmód/szóköz/ékezet variáns
Leves,Gomba krém leves | Gombakrémleves,Gombakrémleves,írásmód/szóköz/ékezet variáns
Leves,Bab leves | Bableves,Bableves,írásmód/szóköz/ékezet variáns
Leves,Grizgaluska | Grízgaluska,grizgaluska,írásmód/szóköz/ékezet variáns
Leves,Magyaros burgonya leves | Magyaros burgonyaleves,Magyaros burgonya leves,írásmód/szóköz/ékezet variáns
Leves,Magyaros zöldbab leves | Magyaros zöldbableves,Magyaros zöldbab leves,írásmód/szóköz/ékezet variáns
Második fogás,Paprikás krumpli | Paprikáskrumpli,Paprikás krumpli,írásmód/szóköz/ékezet variáns
Második fogás,Túrós tészta | Túróstészta,Túróstészta,írásmód/szóköz/ékezet variáns
Második fogás,Hentes tokány | Hentestokány,Hentes tokány,írásmód/szóköz/ékezet variáns
Második fogás,Székely káposzta | Székelykáposzta,Székelykáposzta,írásmód/szóköz/ékezet variáns
Második fogás,"Paradicsomos káposzta főzelék, sertés apró | Paradicsomos káposztafőzelék, sertés apró","Paradicsomos káposztafőzelék, sertés apró",írásmód/szóköz/ékezet variáns
Második fogás,Rakott káposzta | Rakottkáposzta,Rakott káposzta,írásmód/szóköz/ékezet variáns
Második fogás,Grízes metélt lekvárral | Grízesmetélt lekvárral,Grízes metélt lekvárral,írásmód/szóköz/ékezet variáns
Második fogás,Kakaós csiga | Kakaóscsiga,Kakaós csiga,írásmód/szóköz/ékezet variáns
Második fogás,Pörkölt sertés szelet | Pörkölt sertésszelet,Pörkölt sertés szelet,írásmód/szóköz/ékezet variáns
Leves,"Borsó, zöldségleves | Borsós zöldségleves",Borsós zöldségleves,közeli névváltozat
Leves,Gulyásleves | Gulyássleves,Gulyásleves,elírás
Leves,"Lencseleves zöldségesen | Lencseleves zöldséggel | Lencseleves, zöldséges",Lencseleves zöldségesen,közeli névváltozat
Leves,Gomba leves zöldséges | Gombaleves zöldséggel,Gombaleves zöldséggel,közeli névváltozat
Leves,Zöldborsóleves zöldséges galuskabetéttel | Zöldborsóleves zöldséges galuskával,Zöldborsóleves zöldséges galuskával,közeli névváltozat
Leves,Tojásleves köményes | Tojásleves köménymagos,Tojásleves köménymagos,közeli névváltozat
