fogastipus,egyseges_nev,forras
Második fogás,"Ananászos csirkemell, párolt rizs",fogyasztoi_digitalizalas_vegleges_etlap_alapjan.xlsx – Adatok + Ételnév_javítások
Második fogás,"Babfőzelék, sertés apró",fogyasztoi_digitalizalas_vegleges_etlap_alapjan.xlsx – Adatok + Ételnév_javítások
Második fogás,"Babfőzelék, vagdalt",fogyasztoi_digitalizalas_vegleges_etlap_alapjan.xlsx – Adatok + Ételnév_javítások
Második fogás,Bolognai,fogyasztoi_digitalizalas_vegleges_etlap_alapjan.xlsx – Adatok + Ételnév_javítások
Második fogás,Bolognai spagetti,fogyasztoi_digitalizalas_vegleges_etlap_alapjan.xlsx – Adatok + Ételnév_javítások
Második fogás,"Borsos tokány, párolt rizs, csemege uborka",fogyasztoi_digitalizalas_vegleges_etlap_alapjan.xlsx – Adatok + Ételnév_javítások
Második fogás,"Budapest szelet, tört burgonya",fogyasztoi_digitalizalas_vegleges_etlap_alapjan.xlsx – Adatok + Ételnév_javítások
Második fogás,"Budapesti ragu, párolt rizs",fogyasztoi_digitalizalas_vegleges_etlap_alapjan.xlsx – Adatok + Ételnév_javítások
Második fogás,"Burgonyafőzelék, vagdalt",fogyasztoi_digitalizalas_vegleges_etlap_alapjan.xlsx – Adatok + Ételnév_javítások
Második fogás,"Bácskai tarhonyás hús, csemege uborka",fogyasztoi_digitalizalas_vegleges_etlap_alapjan.xlsx – Adatok + Ételnév_javítások
Második fogás,"Csirkemell Orly módra, sült burgonya, savanyúság",fogyasztoi_digitalizalas_vegleges_etlap_alapjan.xlsx – Adatok + Ételnév_javítások
Második fogás,"Csirkemellfilé grill, burgonyapüré",fogyasztoi_digitalizalas_vegleges_etlap_alapjan.xlsx – Adatok + Ételnév_javítások
Második fogás,"Csirkepaprikás, tészta",fogyasztoi_digitalizalas_vegleges_etlap_alapjan.xlsx – Adatok + Ételnév_javítások
Második fogás,"Csirkepaprikás, tésztával",fogyasztoi_digitalizalas_vegleges_etlap_alapjan.xlsx – Adatok + Ételnév_javítások
Második fogás,"Finomfőzelék, vagdalt",fogyasztoi_digitalizalas_vegleges_etlap_alapjan.xlsx – Adatok + Ételnév_javítások
Második fogás,Grízes metélt lekvárral,fogyasztoi_digitalizalas_vegleges_etlap_alapjan.xlsx – Adatok + Ételnév_javítások
Második fogás,Gyros tészta,fogyasztoi_digitalizalas_vegleges_etlap_alapjan.xlsx – Adatok + Ételnév_javítások
Második fogás,Gőzgombóc,fogyasztoi_digitalizalas_vegleges_etlap_alapjan.xlsx – Adatok + Ételnév_javítások
Második fogás,"Halpaprikás, sült burgonya",fogyasztoi_digitalizalas_vegleges_etlap_alapjan.xlsx – Adatok + Ételnév_javítások
Második fogás,"Halpaprikás, tésztaköret",fogyasztoi_digitalizalas_vegleges_etlap_alapjan.xlsx – Adatok + Ételnév_javítások
Második fogás,"Harcsapaprikás, tészta",fogyasztoi_digitalizalas_vegleges_etlap_alapjan.xlsx – Adatok + Ételnév_javítások
Második fogás,"Hentestokány, sült burgonya",fogyasztoi_digitalizalas_vegleges_etlap_alapjan.xlsx – Adatok + Ételnév_javítások
Második fogás,"Húsgombóc, paradicsommártással",fogyasztoi_digitalizalas_vegleges_etlap_alapjan.xlsx – Adatok + Ételnév_javítások
Második fogás,Húsos rakott tészta,fogyasztoi_digitalizalas_vegleges_etlap_alapjan.xlsx – Adatok + Ételnév_javítások
Második fogás,Krumplis tészta,fogyasztoi_digitalizalas_vegleges_etlap_alapjan.xlsx – Adatok + Ételnév_javítások
Második fogás,Káposztás tészta,fogyasztoi_digitalizalas_vegleges_etlap_alapjan.xlsx – Adatok + Ételnév_javítások
Második fogás,Lekváros bukta,fogyasztoi_digitalizalas_vegleges_etlap_alapjan.xlsx – Adatok + Ételnév_javítások
Második fogás,Lucskos káposzta,fogyasztoi_digitalizalas_vegleges_etlap_alapjan.xlsx – Adatok + Ételnév_javítások
Második fogás,"Mexikói csirkemell, bulgur",fogyasztoi_digitalizalas_vegleges_etlap_alapjan.xlsx – Adatok + Ételnév_javítások
Második fogás,"Mákos guba, vaníliasodóval",fogyasztoi_digitalizalas_vegleges_etlap_alapjan.xlsx – Adatok + Ételnév_javítások
Második fogás,Nudli,fogyasztoi_digitalizalas_vegleges_etlap_alapjan.xlsx – Adatok + Ételnév_javítások
Második fogás,"Paprikás burgonya kolbásszal, savanyúság",fogyasztoi_digitalizalas_vegleges_etlap_alapjan.xlsx – Adatok + Ételnév_javítások
Második fogás,Paradicsomos húsgombóc,fogyasztoi_digitalizalas_vegleges_etlap_alapjan.xlsx – Adatok + Ételnév_javítások
Második fogás,"Paradicsomos káposztafőzelék, sertés apró",fogyasztoi_digitalizalas_vegleges_etlap_alapjan.xlsx – Adatok + Ételnév_javítások
Második fogás,"Pulykamell, petrezselymes burgonya",fogyasztoi_digitalizalas_vegleges_etlap_alapjan.xlsx – Adatok + Ételnév_javítások
Második fogás,"Pulykaragu, párolt rizs",fogyasztoi_digitalizalas_vegleges_etlap_alapjan.xlsx – Adatok + Ételnév_javítások
Második fogás,Rakott brokkoli bulgurral,fogyasztoi_digitalizalas_vegleges_etlap_alapjan.xlsx – Adatok + Ételnév_javítások
Második fogás,Rakott karfiol,fogyasztoi_digitalizalas_vegleges_etlap_alapjan.xlsx – Adatok + Ételnév_javítások
Második fogás,"Rizseshús, cékla befőtt",fogyasztoi_digitalizalas_vegleges_etlap_alapjan.xlsx – Adatok + Ételnév_javítások
Második fogás,"Rántott csirke, petrezselymes burgonya",fogyasztoi_digitalizalas_vegleges_etlap_alapjan.xlsx – Adatok + Ételnév_javítások
Második fogás,"Rántott csirke, petrezselymes burgonya, káposztasaláta",fogyasztoi_digitalizalas_vegleges_etlap_alapjan.xlsx – Adatok + Ételnév_javítások
Második fogás,"Rántott csirkemell, burgonyapüré",fogyasztoi_digitalizalas_vegleges_etlap_alapjan.xlsx – Adatok + Ételnév_javítások
Második fogás,"Rántott hal, petrezselymes burgonya",fogyasztoi_digitalizalas_vegleges_etlap_alapjan.xlsx – Adatok + Ételnév_javítások
Második fogás,"Rántott halfilé, majonézes burgonyasaláta",fogyasztoi_digitalizalas_vegleges_etlap_alapjan.xlsx – Adatok + Ételnév_javítások
Második fogás,"Rántott halfilé, majonézes kukorica",fogyasztoi_digitalizalas_vegleges_etlap_alapjan.xlsx – Adatok + Ételnév_javítások
Második fogás,"Sajtos csirkemell, kukoricás rizs",fogyasztoi_digitalizalas_vegleges_etlap_alapjan.xlsx – Adatok + Ételnév_javítások
Második fogás,"Sajtos csirkemell, petrezselymes burgonya",fogyasztoi_digitalizalas_vegleges_etlap_alapjan.xlsx – Adatok + Ételnév_javítások
Második fogás,"Sertéspörkölt, tésztaköret, csemege uborka",fogyasztoi_digitalizalas_vegleges_etlap_alapjan.xlsx – Adatok + Ételnév_javítások
Második fogás,"Szerb rizseshús, céklasaláta",fogyasztoi_digitalizalas_vegleges_etlap_alapjan.xlsx – Adatok + Ételnév_javítások
Második fogás,Székelykáposzta,fogyasztoi_digitalizalas_vegleges_etlap_alapjan.xlsx – Adatok + Ételnév_javítások
Második fogás,"Sárgaborsó főzelék, lecsókolbásszal",fogyasztoi_digitalizalas_vegleges_etlap_alapjan.xlsx – Adatok + Ételnév_javítások
Második fogás,"Sárgaborsó-főzelék, sertéssült",fogyasztoi_digitalizalas_vegleges_etlap_alapjan.xlsx – Adatok + Ételnév_javítások
Második fogás,"Sült csirke, káposztás tészta, burgonya",fogyasztoi_digitalizalas_vegleges_etlap_alapjan.xlsx – Adatok + Ételnév_javítások
Második fogás,"Sült csirkemell, hagymás tört burgonya",fogyasztoi_digitalizalas_vegleges_etlap_alapjan.xlsx – Adatok + Ételnév_javítások
Második fogás,"Tarhonyás hús, csemege uborka",fogyasztoi_digitalizalas_vegleges_etlap_alapjan.xlsx – Adatok + Ételnév_javítások
Második fogás,"Tarhonyás hús, savanyúság",fogyasztoi_digitalizalas_vegleges_etlap_alapjan.xlsx – Adatok + Ételnév_javítások
Második fogás,"Tavaszi sertésszelet, tört burgonya",fogyasztoi_digitalizalas_vegleges_etlap_alapjan.xlsx – Adatok + Ételnév_javítások
Második fogás,"Tejberizs, gyümölcsöntettel",fogyasztoi_digitalizalas_vegleges_etlap_alapjan.xlsx – Adatok + Ételnév_javítások
Második fogás,"Tejfölös zöldbabfőzelék, sertéspörkölt",fogyasztoi_digitalizalas_vegleges_etlap_alapjan.xlsx – Adatok + Ételnév_javítások
Második fogás,"Tojásos galuska, céklasaláta",fogyasztoi_digitalizalas_vegleges_etlap_alapjan.xlsx – Adatok + Ételnév_javítások
Második fogás,"Tökfőzelék, sült virsli",fogyasztoi_digitalizalas_vegleges_etlap_alapjan.xlsx – Adatok + Ételnév_javítások
Második fogás,Túrós tészta,fogyasztoi_digitalizalas_vegleges_etlap_alapjan.xlsx – Adatok + Ételnév_javítások
Második fogás,"Zöldborsófőzelék, nuggets",fogyasztoi_digitalizalas_vegleges_etlap_alapjan.xlsx – Adatok + Ételnév_javítások
Második fogás,"Zöldborsófőzelék, sertéssült",fogyasztoi_digitalizalas_vegleges_etlap_alapjan.xlsx – Adatok + Ételnév_javítások
Második fogás,"Zöldborsófőzelék, sült virsli",fogyasztoi_digitalizalas_vegleges_etlap_alapjan.xlsx – Adatok + Ételnév_javítások
Második fogás,"Óvári csirkemell, burgonyapüré",fogyasztoi_digitalizalas_vegleges_etlap_alapjan.xlsx – Adatok + Ételnév_javítások
